<?xml version="1.0"?>
<info xmlns:xsi= "http://www.w3.org/2001/XMLSchema-instance"
	  xsi:noNamespaceSchemaLocation="https://apps.nextcloud.com/schema/apps/info.xsd">
	<id>admin_audit</id>
	<name>Auditing / Logging</name>
	<summary>Provides logging abilities for Nextcloud such as logging file accesses or otherwise sensitive actions.</summary>
	<description>Provides logging abilities for Nextcloud such as logging file accesses or otherwise sensitive actions.</description>
	<version>1.12.0</version>
	<licence>agpl</licence>
	<author>Nextcloud</author>
	<namespace>AdminAudit</namespace>
	<types>
		<logging/>
	</types>
	<category>monitoring</category>
	<bugs>https://github.com/nextcloud/server/issues</bugs>
	<dependencies>
		<nextcloud min-version="23" max-version="23"/>
	</dependencies>
	<background-jobs>
		<job>OCA\AdminAudit\BackgroundJobs\Rotate</job>
	</background-jobs>
</info>
